カテゴリID,タグ名,タグの種別
,炒める,調理方法
,煮る,調理方法
,焼く,調理方法
,蒸す,調理方法
,揚げる,調理方法
,生食,調理方法
,グリル,調理方法
,オーブン,調理方法
,電子レンジ,調理方法
,下茹で,調理方法
,圧力鍋,調理方法
,水切り,調理方法
,漬ける,調理方法
,5分以内,調理時間
,15分以内,調理時間
,30分以内,調理時間
,1時間以内,調理時間
,超簡単,難易度
,初心者向け,難易度
,手間なし,難易度
,一手間で味UP,難易度
,本格派,難易度
,火加減重要,難易度
,コツあり,難易度
,フライパン1つ,調理器具
,鍋1つ,調理器具
,電子レンジだけ,調理器具
,オーブン必要,調理器具
,トースター,調理器具
,ホットプレート,調理器具
,スロークッカー,調理器具
,ミキサー,調理器具
,フードプロセッサー,調理器具
,炊飯器,調理器具
,グリル,調理器具
,春,季節
,夏,季節
,秋,季節
,冬,季節
,クリスマス,イベント
,お正月,イベント
,バレンタイン,イベント
,ひな祭り,イベント
,節分,イベント
,ハロウィン,イベント
,花見,イベント
,作り置き,保存
,常備菜,保存
,保存食,保存
,冷凍保存,保存
,まとめ作り,保存
,お弁当用,保存
,週末の作り置き,保存
,子供向け,対象者
,大人向け,対象者
,高齢者向け,対象者
,妊婦さん向け,対象者
,離乳食,対象者
,介護食,対象者
,一人暮らし,対象者
,ファミリー向け,対象者
,さっぱり,味わい
,こってり,味わい
,あっさり,味わい
,スパイシー,味わい
,ピリ辛,味わい
,さわやか,味わい
,コク深い,味わい
,さくさく,食感
,もちもち,食感
,とろとろ,食感
,ジューシー,食感
,リメイク,レシピ特徴
,アレンジ,レシピ特徴
,定番,レシピ特徴
,話題のレシピ,レシピ特徴
,人気レシピ,レシピ特徴
,伝統料理,レシピ特徴
,食べ合わせ,レシピ特徴
,熱々,レシピ特徴
,冷たい,レシピ特徴
,おかわり続出,レシピ特徴
,疲労回復,目的
,二日酔い,目的
,食欲増進,目的
,夏バテ対策,目的
,風邪予防,目的
,骨強化,目的
,アンチエイジング,目的
,デトックス,目的
,免疫力アップ,目的
,豚肉,食材
,鶏肉,食材
,牛肉,食材
,魚介,食材
,卵,食材
,豆腐,食材
,野菜たっぷり,食材
,きのこ,食材
,旬の食材,食材
,缶詰,食材
,冷凍食品,食材
,乾物,食材
,調味料,食材
,節約,コスト
,安い材料,コスト
,コスパ良し,コスト
,食材使い切り,コスト
,余り物活用,コスト
,まとめ買い向け,コスト
,冷蔵庫整理,コスト
,ヘルシー,健康
,低カロリー,健康
,高タンパク,健康
,低糖質,健康
,食物繊維たっぷり,健康
,ビタミン豊富,健康
,ベジタリアン,健康
,ビーガン,健康
,グルテンフリー,健康
,腸活,健康
,美容効果,健康
,ダイエット向け,健康
,朝食,シーン
,昼食,シーン
,夕食,シーン
,おつまみ,シーン
,お弁当,シーン
,運動会,シーン
,お花見,シーン
,パーティー,シーン
,おもてなし,シーン
,おやつ,シーン
,夜食,シーン
,ピクニック,シーン
,キャンプ,シーン